total_grade,total_grade,total_grade
count,mean,var
263,32.844106463878326,121.5901082634313
132,30.431818181818183,122.8426439972242
