,total_grade,total_grade,total_grade
,count,mean,var
romantic,,,
no,410,35.47317073170732,67.84891168227074
yes,239,33.84937238493724,78.44780422629303
